{"timestamps": [1527407325.733116], "episode_rewards": [-1.6073638119652527], "initial_reset_timestamp": 1527407282.8955145, "episode_types": ["t", "t"], "episode_lengths": [278]}